{"backprop": {"step": [100, 200, 300, 400, 500, 600, 700, 800, 900, 1000, 1100, 1200, 1300, 1400, 1500, 1600, 1700, 1800, 1900, 2000, 2100, 2200, 2300, 2400, 2500, 2600, 2700, 2800, 2900, 3000], "acc": [0.88046875, 0.988671875, 0.981640625, 1.0, 1.0, 0.999609375, 1.0, 1.0, 1.0, 1.0, 1.0, 0.999609375, 0.999609375, 1.0, 1.0, 1.0, 1.0, 1.0, 1.0, 0.987890625, 0.999609375, 1.0, 1.0, 1.0, 0.999609375, 1.0, 1.0, 1.0, 1.0, 0.9984375], "cos": [NaN, NaN, NaN, NaN, NaN, NaN, NaN, NaN, NaN, NaN, NaN, NaN, NaN, NaN, NaN, NaN, NaN, NaN, NaN, NaN, NaN, NaN, NaN, NaN, NaN, NaN, NaN, NaN, NaN, NaN], "t": [0.9898664569482207, 1.7515622428618371, 2.5130449258722365, 3.2798504270613194, 4.044719723984599, 4.80704525206238, 5.5764636979438365, 6.33743685297668, 7.103044087067246, 7.870706140063703, 8.633884377777576, 9.400342884007841, 10.18733902508393, 10.95621090894565, 11.72275761095807, 12.473739796783775, 13.238057986833155, 14.009902997873724, 14.764250850770622, 15.517555742990226, 16.273568253032863, 17.045591563917696, 17.80416208691895, 18.554566277656704, 19.306489407084882, 20.069142874795943, 20.824538898654282, 21.580037927720696, 22.35292915906757, 23.122968882787973]}, "dni": {"step": [100, 200, 300, 400, 500, 600, 700, 800, 900, 1000, 1100, 1200, 1300, 1400, 1500, 1600, 1700, 1800, 1900, 2000, 2100, 2200, 2300, 2400, 2500, 2600, 2700, 2800, 2900, 3000], "acc": [0.88046875, 0.988671875, 0.981640625, 1.0, 0.1328125, 0.1203125, 0.13046875, 0.166796875, 0.112109375, 0.102734375, 0.1390625, 0.180859375, 0.135546875, 0.164453125, 0.149609375, 0.11328125, 0.148046875, 0.104296875, 0.128515625, 0.129296875, 0.1796875, 0.178125, 0.179296875, 0.198046875, 0.18203125, 0.121875, 0.11875, 0.11640625, 0.11953125, 0.12578125], "cos": [0.06645019352436066, 0.017443371936678886, 0.019652221351861954, 0.01465171854943037, 0.07127649337053299, 0.05273067206144333, 0.05697707459330559, 0.015391501598060131, 0.030505990609526634, 0.013053013011813164, 0.009470103308558464, 0.02274252474308014, -0.0037580132484436035, 0.11139114201068878, 0.002632342278957367, 0.008879507891833782, -0.00414160406216979, 0.004242422990500927, -0.030062954872846603, -0.031977780163288116, 0.0011576939141377807, 0.010543799959123135, 0.0015977518633008003, 0.04659418761730194, -0.04023033380508423, -0.009829698130488396, 0.011735963635146618, -0.04086708277463913, -0.04482648894190788, 0.05203382298350334], "t": [0.9755399702116847, 1.8975991061888635, 2.8207486639730632, 3.7421180699020624, 4.563258524984121, 5.412132164929062, 6.243467601016164, 7.054498492274433, 7.869041284080595, 8.690030483994633, 9.510625188238919, 10.319097416009754, 11.145599364303052, 11.957834024913609, 12.772582384292036, 13.581696454901248, 14.402230287902057, 15.221868054009974, 16.04310544207692, 16.869120432063937, 17.683004952967167, 18.50586827006191, 19.326691024005413, 20.148576214909554, 20.968095547053963, 21.781579121015966, 22.591943918261677, 23.410280846990645, 24.23717141803354, 25.06172904605046]}, "dni-pure": {"step": [100, 200, 300, 400, 500, 600, 700, 800, 900, 1000, 1100, 1200, 1300, 1400, 1500, 1600, 1700, 1800, 1900, 2000, 2100, 2200, 2300, 2400, 2500, 2600, 2700, 2800, 2900, 3000], "acc": [0.88046875, 0.988671875, 0.981640625, 1.0, 0.193359375, 0.124609375, 0.119921875, 0.12578125, 0.1203125, 0.11796875, 0.132421875, 0.118359375, 0.168359375, 0.1203125, 0.1375, 0.121875, 0.12421875, 0.128125, 0.13515625, 0.126171875, 0.12109375, 0.114453125, 0.123828125, 0.13671875, 0.12734375, 0.11953125, 0.1125, 0.140234375, 0.125390625, 0.125390625], "cos": [0.06645019352436066, 0.017443371936678886, 0.019652221351861954, 0.01465171854943037, 0.01465171854943037, 0.01465171854943037, 0.01465171854943037, 0.01465171854943037, 0.01465171854943037, 0.01465171854943037, 0.01465171854943037, 0.01465171854943037, 0.01465171854943037, 0.01465171854943037, 0.01465171854943037, 0.01465171854943037, 0.01465171854943037, 0.01465171854943037, 0.01465171854943037, 0.01465171854943037, 0.01465171854943037, 0.01465171854943037, 0.01465171854943037, 0.01465171854943037, 0.01465171854943037, 0.01465171854943037, 0.01465171854943037, 0.01465171854943037, 0.01465171854943037, 0.01465171854943037], "t": [0.9229272631928325, 1.8398438352160156, 2.754670605994761, 3.672510389238596, 4.504007356241345, 5.303809446282685, 6.1050579799339175, 6.90202255314216, 7.699137655086815, 8.504188896156847, 9.32699494017288, 10.158985808026046, 10.950481815263629, 11.752023209352046, 12.548119577113539, 13.358220191206783, 14.170710020232946, 14.975289615336806, 15.783633986953646, 16.598720516078174, 17.407979477196932, 18.207357379142195, 19.010727893095464, 19.813612858299166, 20.63571544503793, 21.45779388397932, 22.267799930181354, 23.072006636299193, 23.874757335986942, 24.68186874501407]}, "bench": {"forward_only": {"ms": 156.97205998003483, "peak_mb": 2274.03662109375}, "backprop_step": {"ms": 572.4315783008933, "peak_mb": 2395.27294921875}, "synthetic_step": {"ms": 636.4650158211589, "peak_mb": 491.35546875}}}