{"zero_shot": 1.8143414109945297, "in_context_contig": 1.6445291265845299, "hyper_lora": 1.7892973944544792, "tuned_lora": 2.556535914540291, "pct_gain_captured": 14.748059380429442}