{"hist": {"iter": [10, 20, 30, 40, 50, 60, 70, 80, 90, 100, 110, 120, 130, 140, 150, 160, 170, 180, 190, 200, 210, 220, 230, 240, 250, 260, 270, 280, 290, 300], "prior": [-357.48822770723285, -356.95489520443255, -356.29374307625545, -356.88745696065905, -355.88632402210135, -353.5897886067596, -355.6558913578675, -359.5662091948762, -362.46786512343897, -363.7359631500657, -367.93045030206633, -370.13485979290147, -369.91946948540306, -357.0690219685656, -360.5088353945268, -363.3010666406069, -360.77613824110733, -360.5030071497739, -364.0201636405599, -371.9514534735889, -386.1677254007891, -367.78740740320256, -376.34272169246765, -357.9680996010926, -381.7706886836924, -376.1902248045559, -384.84479195130444, -376.68629695889166, -379.6947670405161, -373.8461727422255], "post": [-357.7108321994532, -338.89761241088615, -300.1961585688342, -281.39776892462385, -204.6349862625804, -160.19694946880992, -106.69392691415808, -94.72859566487413, -76.80570097898847, -90.80078184498612, -101.81840127841215, -109.96115307509629, -99.23264429900969, -77.56562684082185, -71.65929738343632, -61.04195132982212, -56.94420733841132, -65.570489538132, -69.23458176663328, -114.34582531877655, -396.64216267123703, -140.65470464745917, -75.80317499022976, -53.524685072852186, -79.83778733249981, -148.4223076222309, -113.16228076855127, -75.74430860445166, -86.77572303457744, -50.52879676927275]}, "final_prior": -308.1431967123186, "final_post": -54.89056616268269}