{"hist": {"iter": [10, 20, 30, 40, 50, 60, 70, 80, 90, 100, 110, 120, 130, 140, 150, 160, 170, 180, 190, 200, 210, 220, 230, 240, 250, 260, 270, 280, 290, 300], "prior": [-382.2231954589565, -378.809754055275, -380.05228109460336, -376.8811163287163, -379.89184346562314, -380.22264167158136, -385.25676388083446, -386.41933017422616, -385.6370461479035, -373.60091870145305, -381.05375442027105, -385.81116803782686, -386.92990041837857, -388.64266474109473, -389.5028020956137, -387.7163729327359, -388.22814285635303, -374.7990978010379, -371.1098195910449, -364.6229059315098, -364.4850451735275, -366.3076482984078, -359.7353568582752, -366.37378214996426, -362.5349123095127, -363.1193105178572, -361.2027537745667, -358.165323971385, -353.451017871167, -350.88874235698745], "post": [-382.32107691086753, -349.0734389211897, -341.16619810373413, -298.5947028719206, -222.76970248343477, -212.37470206961353, -222.2011740490405, -162.61765162492284, -239.19097002819817, -114.78949070324487, -70.50914127399196, -66.90852666627477, -62.07967426462964, -57.760803404491654, -58.51824416702108, -76.80458965076204, -199.05308340129812, -218.36035162782264, -205.9667330348991, -206.2601136280141, -106.67512999849467, -142.18698506467166, -174.40128294710806, -111.83938313137635, -76.05833038003898, -69.17627787969556, -59.788987681906974, -133.95333313139798, -60.97398252946533, -95.35030772765492]}, "final_prior": -259.4594787481833, "final_post": -76.12295047845788}