{"hist": {"step": [250, 500, 750, 1000, 1250, 1500, 1750, 2000, 2250, 2500, 2750, 3000, 3250, 3500, 3750, 4000], "val": [2.237258642911911, 2.353009730577469, 2.253211945295334, 2.205454170703888, 2.1533342897892, 2.257361114025116, 2.1856080293655396, 2.2531103789806366, 2.26338267326355, 2.2304487228393555, 2.1377764642238617, 2.2733586132526398, 2.1727418303489685, 2.2125076055526733, 2.1844846606254578, 2.255401700735092]}, "zero_shot": 2.2066746950149536, "in_context": 2.2342070043087006, "hyper_lora": 2.211669906973839, "tuned_lora": 6.081482768058777, "nparam": 43008}