{"generated_heldout_exact": 0.11500000208616257, "real_training_exact": 0.03571428571428571, "real_training_n": 196, "real_evaluation_exact": 0.0, "real_evaluation_n": 120}