{"L4": [0.686328125, 0.804296875, 0.891015625, 0.815625, 0.9171875, 0.958203125, 0.94609375, 0.9609375, 0.982421875, 0.964453125, 0.983984375, 0.979296875, 0.990234375, 0.994140625, 0.98046875, 0.984375, 0.99296875, 0.99453125, 0.988671875, 0.99453125, 0.996484375, 0.995703125, 0.997265625, 0.998828125, 0.998046875, 0.9984375, 0.998828125, 0.998828125, 0.998046875, 0.999609375], "L6": [0.630859375, 0.8328125, 0.914453125, 0.9421875, 0.965234375, 0.965625, 0.960546875, 0.953515625, 0.989453125, 0.975390625, 0.98046875, 0.986328125, 0.980078125, 0.985546875, 0.992578125, 0.98359375, 0.99296875, 0.996875, 0.997265625, 0.9984375, 0.99609375, 0.99765625, 0.9984375, 0.998828125, 0.998828125, 0.9984375, 0.9984375, 0.999609375, 0.999609375, 0.998046875]}