{"shakespeare": 2.2664534316062888, "alice": 2.046049916707178, "python": 1.8198465362825629, "c_headers": 2.588520999315136}