{"in-dist A:[0.1,5]": {"mom_direct": 0.00032101441383361814, "mom_film": 0.0004801372623443604, "maml_5step": 0.12496057897806168, "maml_20step": 0.09193247556686401}, "near-OOD A:[5,6]": {"mom_direct": 0.003008430938720703, "mom_film": 0.005306836090087891, "maml_5step": 0.7440415620803833, "maml_20step": 0.5162463784217834}, "far-OOD A:[6,7]": {"mom_direct": 0.023199515075683595, "mom_film": 0.05089614624023438, "maml_5step": 1.8592264652252197, "maml_20step": NaN}}