{"mom_direct": {"mean": 0.00043154979357495904, "std": 0.0003535936994012445, "all": [0.00029519282817840574, 0.00029888550281524656, 0.00023855759620666504, 0.0002625896978378296, 0.001062523250579834]}, "mom_film": {"mean": 0.0005180229200050235, "std": 6.489579391200095e-05, "all": [0.0005068341636657715, 0.0005300889873504638, 0.0004571182155609131, 0.0004736589241027832, 0.000622414140701294]}, "maml_5step": [0.12786374986171722, 0.2445722222328186, 0.1389244645833969]}