{"hist": {"iter": [10, 20, 30, 40, 50, 60, 70, 80, 90, 100, 110, 120, 130, 140, 150, 160, 170, 180, 190, 200, 210, 220, 230, 240, 250, 260, 270, 280, 290, 300], "prior": [-357.05481487273266, -294.0968361001285, -293.2140164264464, -292.3517158292839, -283.59419132860904, -271.8190410975938, -277.03516305884085, -279.3724067308452, -286.5965767248723, -289.12145933801247, -286.9333907460696, -289.6250515813988, -288.0604121477578, -294.481417789159, -287.10317667020564, -283.92065377487114, -283.0343428683709, -283.0768081190007, -285.1492715934501, -281.9496033700552, -283.3835536164754, -279.26528957873654, -278.4986861010799, -279.3017233858458, -276.67791805596215, -278.19100216931395, -278.4225214280599, -276.0881105684739, -276.46586182104073, -273.6460568941131], "post": [-357.5980799513238, -324.7524872471805, -237.61671279637022, -173.81472422423525, -153.87126739143022, -99.30802944880058, -88.04226760745937, -76.7376899883038, -70.72958011845554, -61.7299698117518, -69.67290788025693, -67.27143850822218, -78.27600850550465, -72.02034822500276, -67.72924481440106, -68.42407591159693, -84.94749788519098, -91.2767438035939, -96.27868261304039, -75.72037052464482, -86.33538528940002, -75.75560518271239, -74.21984483821193, -67.17248558916889, -64.76833163393056, -51.97462998336226, -53.83034142948251, -45.23291396996012, -42.63818889100181, -39.09527241100286]}, "final_prior": -215.89211564745784, "final_post": -34.97510271516316}