{"film_big": {"step": [500, 1000, 1500, 2000, 2500, 3000, 3500, 4000, 4500, 5000, 5500, 6000, 6500, 7000, 7500, 8000, 8500, 9000, 9500, 10000, 10500, 11000, 11500, 12000, 12500, 13000, 13500, 14000, 14500, 15000, 15500, 16000, 16500, 17000, 17500, 18000, 18500, 19000, 19500, 20000], "cont": [0.017625087313354014, 0.01653036046773195, 0.01624962892383337, 0.016143333353102206, 0.01665331404656172, 0.015917806047946216, 0.01580725247040391, 0.03581472709774971, 0.01807323656976223, 0.017375860922038557, 0.01619407460093498, 0.015312435384839774, 0.016175446286797523, 0.01605978701263666, 0.015464721526950598, 0.015450083836913108, 0.015280201472342015, 0.015666189417243005, 0.015432106796652079, 0.015231158304959535, 0.015234845038503409, 0.015298943780362607, 0.015217044856399298, 0.01510194893926382, 0.015166568290442228, 0.01567210890352726, 0.014964976720511914, 0.015519144386053086, 0.015009574498981238, 0.01495683118700981, 0.015184699837118388, 0.014597101137042046, 0.014894960261881352, 0.014943075086921453, 0.015080033894628286, 0.015065293293446302, 0.015209227148443461, 0.0152274533174932, 0.015182095300406217, 0.015210256725549699]}, "ar_cont_mse": 0.0024212196934968234}