{"published": {"MAML (CAVIA paper)": "0.23-0.29", "CAVIA": "0.19-0.21"}, "mom_direct": 0.00029519282817840574, "mom_film": 0.0005068341636657715, "maml_1step": 0.32607436180114746, "maml_5step": 0.11430232226848602, "maml_10step": 0.12041330337524414}