{"hist": {"iter": [10, 20, 30, 40, 50, 60, 70, 80, 90, 100, 110, 120, 130, 140, 150, 160, 170, 180, 190, 200, 210, 220, 230, 240, 250, 260, 270, 280, 290, 300], "prior": [-382.0706252160759, -321.1257395766088, -368.37362385374286, -345.0823132267568, -323.79878627598566, -321.16465603473677, -286.1274188105059, -287.8519275447248, -305.59276607429626, -303.232271282851, -303.9871745591805, -312.8397392180611, -321.1961886990346, -323.88454170041166, -330.5966081997337, -336.6353573148241, -339.7618642995646, -333.4262033197325, -340.17261481940807, -338.3614719549722, -338.8445715978125, -336.1527746219661, -339.4426013750765, -337.7126518872609, -343.96475561395766, -348.5809170743234, -341.23684175179085, -339.22497485487554, -338.8376909173436, -336.70497936663014], "post": [-381.84732308251057, -367.8022540491004, -327.68161983323586, -305.34576890813423, -229.57230130060367, -197.8092103885464, -151.9211304466977, -118.93347507031176, -110.91032483110912, -99.1578652695536, -94.20440581772188, -84.89592667762663, -132.50571525973226, -153.0032476032855, -272.52799527473155, -286.3691422889935, -365.8653148603987, -320.74176690248686, -345.75690144969246, -262.73307225207566, -217.81460550383343, -271.6886222147325, -222.78463968078376, -208.66587177951865, -158.60187791480752, -77.22552881431672, -134.7549605228655, -70.58319949767994, -92.95090645731322, -78.26097124796974]}, "final_prior": -250.99952473335154, "final_post": -61.62837816120068}