{"part_a": {"logreg": {"auc": 0.9771656968200787, "auc_std": 0.02325245317102045, "bal_acc": 0.921281960853465}, "rf": {"auc": 0.9885910774113913, "auc_std": 0.012776111086628997, "bal_acc": 0.9410591900311525}}, "part_b": {"mom": {"auc": 0.9662285058593749, "auc_std": 0.017898868080055762, "bal_acc": 0.8826562500000001}, "icl": {"auc": 0.9252653295898436, "auc_std": 0.03369168228014087, "bal_acc": 0.86090625}, "pertask_logfit": {"auc": 0.929839384765625, "auc_std": 0.013100976550483466, "bal_acc": 0.8879843749999999}}}