{"direct": {"step": [200, 400, 600, 800, 1000, 1200, 1400, 1600, 1800, 2000, 2200, 2400, 2600, 2800, 3000, 3200, 3400, 3600, 3800, 4000, 4200, 4400, 4600, 4800, 5000, 5200, 5400, 5600, 5800, 6000, 6200, 6400, 6600, 6800, 7000, 7200, 7400, 7600, 7800, 8000], "full": [0.008429994340986013, 0.0045193653088063, 0.003630947507917881, 0.0027376226615160705, 0.002785381372086704, 0.0022592118242755533, 0.0021081862272694708, 0.002389262616634369, 0.0021521466551348567, 0.001982105860952288, 0.0018884809571318329, 0.001851813041139394, 0.002183902030810714, 0.0019222522503696382, 0.0017027168651111424, 0.0017850141157396138, 0.0018448767019435762, 0.0016666622017510236, 0.0017242619418539108, 0.0017517011030577124, 0.0016542703961022198, 0.001644504617433995, 0.001848902052734047, 0.001593935862183571, 0.001564075017813593, 0.0015790210803970695, 0.0014556615962646902, 0.0015046961256302894, 0.0014815517584793269, 0.001611917605623603, 0.0014371972996741534, 0.0014044499373994767, 0.0013977335183881223, 0.001396434148773551, 0.001395690266508609, 0.0013637516065500676, 0.0013755615800619125, 0.0013639579527080059, 0.0013914790353737772, 0.0013715395936742425], "cont": [0.011250356491655112, 0.005949414987117052, 0.0047981431242078544, 0.003536182944662869, 0.003677900042384863, 0.002882831636816263, 0.002682616841048002, 0.003071197611279786, 0.002776760794222355, 0.0025306503754109143, 0.0024226468987762926, 0.0023599362932145594, 0.0028186785755679013, 0.0024452376179397105, 0.0021748548140749337, 0.002302202070131898, 0.0023253553314134478, 0.0021582854678854346, 0.002208565198816359, 0.002248191018588841, 0.0021223560208454726, 0.0021387120708823205, 0.0023707109969109295, 0.0020657912362366916, 0.0020242315134964884, 0.0020452870987355707, 0.0018902983982115984, 0.0019552304991520943, 0.001929779222700745, 0.002085218217689544, 0.0018764706212095917, 0.001835170667618513, 0.0018182579544372857, 0.0018311436055228115, 0.001828615413978696, 0.001782335271127522, 0.0018017680733464659, 0.0017863021814264358, 0.0018198993988335133, 0.0017934167990460992]}, "film": {"step": [200, 400, 600, 800, 1000, 1200, 1400, 1600, 1800, 2000, 2200, 2400, 2600, 2800, 3000, 3200, 3400, 3600, 3800, 4000, 4200, 4400, 4600, 4800, 5000, 5200, 5400, 5600, 5800, 6000, 6200, 6400, 6600, 6800, 7000, 7200, 7400, 7600, 7800, 8000], "full": [0.0324976546689868, 0.007168079447001219, 0.0048283589072525505, 0.004712116299197077, 0.0034134481102228165, 0.0028176794992759826, 0.002609137585386634, 0.0024005114333704113, 0.00271959959063679, 0.002359170257113874, 0.0020617943489924075, 0.0025250787381082772, 0.0020547576015815137, 0.00201017449144274, 0.001962494291365147, 0.001889027329161763, 0.0021137391915544866, 0.0023254085797816517, 0.0017448843573220074, 0.0017752868356183172, 0.0017173780011944472, 0.0017758317408151925, 0.0018311081104911864, 0.001631608372554183, 0.0016448877518996595, 0.0016284558922052383, 0.0015625927480868995, 0.002092566411010921, 0.0015595271834172308, 0.0016002839663997292, 0.0014950348297134042, 0.001512071758043021, 0.0014614565996453166, 0.0014641946530900896, 0.0014460582751780748, 0.0014416670543141662, 0.0014392306562513112, 0.0014133740798570216, 0.0014564602868631482, 0.0014553043991327285], "cont": [0.03977721370756626, 0.00870595294982195, 0.005627160286530852, 0.005585986003279686, 0.004248821176588535, 0.003308782586827874, 0.003152383188717067, 0.0029188817599788306, 0.0033353489590808747, 0.0029347419273108243, 0.0025533085456117986, 0.0030765492701902986, 0.0025424118153750896, 0.002544568898156285, 0.0024706212570890784, 0.002381819672882557, 0.0025571823585778474, 0.0028311705915257334, 0.0021888459334149955, 0.002253022138029337, 0.002162548038177192, 0.002259002812206745, 0.0022952178493142127, 0.0020692350226454437, 0.002063780976459384, 0.0020686874631792307, 0.0019490409875288605, 0.0026370566571131348, 0.0019624634878709912, 0.0020271837245672943, 0.0018917446490377189, 0.0019358742400072515, 0.0018552175024524331, 0.0018659600405953824, 0.001831334107555449, 0.001828589872457087, 0.0018283328041434287, 0.0017938690027222038, 0.00184889828087762, 0.0018525191931985318]}, "ar_cont_mse": 0.004133805609308183, "bench": {"ar_rollout_ms": 573.1339431367815, "hyper_direct_ms": 21.91866235807538, "spec_direct_ms": 1.6451971605420113, "hyper_film_ms": 20.693091209977865, "spec_film_ms": 0.6807930767536163, "params": {"ar_transformer": 202306, "specialist_direct": 1698, "specialist_film_mods": 132}}}