{"hist": {"iter": [10, 20, 30, 40, 50, 60, 70, 80, 90, 100, 110, 120, 130, 140, 150, 160, 170, 180, 190, 200, 210, 220, 230, 240, 250, 260, 270, 280, 290, 300], "prior": [-349.137726829813, -347.60237068131164, -348.8614647222689, -348.9126002515967, -349.04244565868805, -350.0519509385952, -350.7535515318861, -352.91406573347115, -355.3661115527551, -357.9761963414984, -359.0694764205521, -360.03915318538634, -356.98972165868526, -356.2660548121063, -355.3652993325926, -353.031056081221, -340.5875711536009, -335.14973577954515, -326.8404304756532, -323.7020662029907, -321.2077030838566, -318.95324131838805, -313.06987143560093, -311.0357212687826, -312.21874713385307, -312.0268377127205, -309.6536683837844, -310.5163940521058, -311.52335739895454, -311.4355107986986], "post": [-349.265486274619, -267.8614889413958, -266.8345938953306, -217.5818997711718, -170.98521916619217, -183.68359169917125, -147.09234570978037, -140.43920385666064, -152.18210894982835, -115.00993817757194, -108.85018425584113, -90.45564654444328, -71.41718658357533, -63.32734519277152, -74.39803992832456, -118.75380224105542, -129.8736483947967, -124.76985425003186, -105.1479265848596, -90.72406652350425, -91.24021775872012, -93.49927624150641, -77.71066305727959, -69.38180905275655, -74.63739631029162, -80.15725841910299, -73.13068837124344, -74.68807453623712, -66.29501266307537, -78.71232468946107]}, "final_prior": -314.30016892649405, "final_post": -78.44202468458224}