{"part_a": {"logreg": {"acc": 0.9987577639751553, "macro_f1": 0.9989421487603305}, "rf": {"acc": 0.9950155279503106, "macro_f1": 0.9957780159954448}}, "part_b": {"mom": {"acc": 0.9983199990987778, "acc_std": 0.003360001802444445}, "icl": {"acc": 1.0, "acc_std": 0.0}, "pertask_logfit": {"acc": 0.99648, "acc_std": 0.004408960572893929}, "nearest_centroid": {"acc": 0.9959200000000001, "acc_std": 0.004573624869230591}}}