{"hist": {"iter": [10, 20, 30, 40, 50, 60, 70, 80, 90, 100, 110, 120, 130, 140, 150, 160, 170, 180, 190, 200, 210, 220, 230, 240, 250, 260, 270, 280, 290, 300], "prior": [-349.5964463918817, -279.40967738843636, -290.4510530962303, -283.45271559243747, -259.8652043972189, -260.4487960230108, -255.95687288064536, -259.5720461055199, -282.19220866597647, -296.78435125541625, -288.3488085824305, -281.5745534280416, -259.58103265867015, -253.97191741029346, -260.86646782196465, -260.7251229435241, -266.19332220465543, -270.3649158676907, -275.57512681494757, -281.6743183321805, -282.1593340666891, -283.38664259751494, -285.8191343197959, -284.62353145102196, -284.5861161636509, -283.8870658072965, -284.6049417847944, -282.81577844379, -285.6565282459334, -286.7160614846114], "post": [-348.8535900935979, -303.93780725900695, -254.91098316209758, -183.9316929219549, -161.13244354165417, -127.97399487637081, -95.62952347913992, -76.23765987250295, -77.20174668131779, -68.50208954160304, -58.246909877385086, -66.49949563991419, -67.99692165261976, -156.26050367901453, -226.56477355199536, -305.94687240651217, -187.3025551903455, -84.01781621304336, -68.12037553348073, -73.63399497792936, -73.42733663481071, -80.49739480186041, -70.3072529186876, -74.29289855220128, -94.47422675798413, -60.18537569822341, -55.868497618526604, -50.85621307875037, -51.52021460619598, -40.11154887847094]}, "final_prior": -291.0598867271785, "final_post": -46.2675230330136}