{"interp": {"0.0": 0.0013770260214805603, "0.25": 0.015910993258158364, "0.5": 0.03160900497436524, "0.75": 0.016083757400512697, "1.0": 0.0013614431818326314}, "ab_distance": 0.694915293375651, "midpoint_ratio": 21.984725363522966}