{"interp": {"0.0": 0.0003392009258270264, "0.25": 0.04119648681640625, "0.5": 0.07095511596679688, "0.75": 0.04055719970703125, "1.0": 0.00031485949516296387}, "ab_distance": 6.0296696875, "verdict": "COMPOSES: midpoint weights track blended curve (0.0710 << A-B dist 6.030)"}