{"target_variance": 4.14182710647583, "direct": {"matched": 0.0003129746103286743, "shuffled": 5.96708171875, "swap_self": 0.00031159308910369874, "swap_other": 5.962533203125, "context_sweep": {"1": 1.8376427734375, "2": 0.3127265283203125, "3": 0.062466376953125, "5": 0.004205810356140136, "10": 0.00033820188999176024, "20": 0.0001789789390563965}}, "film": {"matched": 0.0005513978958129883, "shuffled": 6.0340115625, "swap_self": 0.0005984311532974243, "swap_other": 6.0122808203125, "context_sweep": {"1": 1.6043899609375, "2": 0.3346254443359375, "3": 0.07364905029296875, "5": 0.006412995681762695, "10": 0.0005528518390655518, "20": 0.0002870878887176514}}}