{"backprop": {"step": [100, 200, 300, 400, 500, 600, 700, 800, 900, 1000, 1100, 1200, 1300, 1400, 1500, 1600, 1700, 1800, 1900, 2000, 2100, 2200, 2300, 2400, 2500, 2600, 2700, 2800, 2900, 3000, 3100, 3200, 3300, 3400, 3500, 3600, 3700, 3800, 3900, 4000], "acc": [0.88046875, 0.988671875, 0.981640625, 1.0, 1.0, 0.999609375, 1.0, 1.0, 1.0, 1.0, 1.0, 0.999609375, 0.999609375, 1.0, 1.0, 1.0, 1.0, 1.0, 1.0, 0.987890625, 0.999609375, 1.0, 1.0, 1.0, 0.999609375, 1.0, 1.0, 1.0, 1.0, 0.9984375, 0.999609375, 1.0, 1.0, 1.0, 1.0, 1.0, 1.0, 1.0, 1.0, 1.0], "cos": [0.40587251385052997, 0.32191695769627887, 0.28524961570898694, 0.36521365245183307, 0.33252490560213727, 0.23149591560165086, 0.3722645590702693, 0.4027116249005, 0.09778840063760678, 0.41395869354406994, 0.3248220880826314, 0.4198721945285797, 0.3366827716430028, 0.3145459045966466, 0.16312738756338754, 0.15118181705474854, 0.37011095881462097, 0.33676330745220184, 0.37641650438308716, 0.3559456169605255, 0.3581480532884598, 0.31732410192489624, 0.2680315524339676, 0.3470122317473094, 0.32674222191174823, 0.3074899713198344, 0.3390568594137828, 0.3764203240474065, 0.4110330293575923, 0.1909118096033732, 0.262017418940862, 0.29582791527112323, 0.31584512690703076, 0.35910698771476746, 0.3505536913871765, 0.194825346271197, 0.3110548754533132, 0.38476725419362384, 0.37920842071374256, 0.29554663598537445], "t": [1.4629955450072885, 3.1313947937451303, 4.603528753854334, 6.0788284610025585, 7.543784624896944, 9.018070010934025, 10.484146473929286, 11.936516777612269, 13.382002373691648, 14.853272864595056, 16.30172608187422, 17.756638046819717, 19.35827409895137, 20.861751535907388, 22.368411995004863, 23.98093780875206, 25.6328361206688, 27.133270216640085, 29.204564411658794, 30.65087693883106, 32.41543841175735, 34.59502304857597, 36.76717670960352, 38.92127045663074, 41.0907976529561, 43.38881745794788, 45.52110099978745, 47.99796409672126, 50.38160053966567, 52.48935050377622, 54.36065805563703, 56.643705017864704, 58.01051286282018, 60.16599299758673, 62.49295898061246, 64.82441568979993, 66.99422890180722, 69.2735595619306, 71.68729680869728, 74.14129110472277]}, "dni-r2": {"step": [100, 200, 300, 400, 500, 600, 700, 800, 900, 1000, 1100, 1200, 1300, 1400, 1500, 1600, 1700, 1800, 1900, 2000, 2100, 2200, 2300, 2400, 2500, 2600, 2700, 2800, 2900, 3000, 3100, 3200, 3300, 3400, 3500, 3600, 3700, 3800, 3900, 4000], "acc": [0.88046875, 0.988671875, 0.981640625, 1.0, 1.0, 0.999609375, 1.0, 1.0, 1.0, 1.0, 1.0, 0.999609375, 1.0, 1.0, 0.46953125, 0.859765625, 0.934375, 0.9953125, 0.997265625, 0.999609375, 0.99765625, 1.0, 1.0, 1.0, 1.0, 1.0, 0.999609375, 0.99921875, 0.999609375, 0.992578125, 1.0, 1.0, 1.0, 0.99453125, 0.940234375, 0.999609375, 1.0, 1.0, 1.0, 1.0], "cos": [0.40587251385052997, 0.32191695769627887, 0.28524961570898694, 0.36521365245183307, 0.33252490560213727, 0.23149591560165086, 0.311428427696228, 0.31557849794626236, 0.15056402484575906, 0.22846660017967224, 0.26497308909893036, 0.387987345457077, 0.3056992342074712, 0.36595051487286884, 0.3806076943874359, 0.375934362411499, 0.34589333335558575, 0.28365055720011395, 0.2570029894510905, 0.24165233969688416, 0.2635727872451146, 0.20236904174089432, 0.23136910796165466, 0.15235496560732523, 0.25143637756506604, 0.2618158161640167, 0.18283379822969437, 0.27210186918576557, 0.2396839807430903, 0.27509677906831104, 0.21590842803319296, 0.22505460182825723, 0.2401004135608673, 0.17968624333540598, 0.23649916052818298, 0.10218882064024608, 0.14721461137135824, 0.1626853384077549, 0.12702676840126514, 0.18768765156467757], "t": [2.1284766867756844, 4.5729176457971334, 6.934742596000433, 9.469225009903312, 11.764630773570389, 14.086198759730905, 16.310784237924963, 18.063583940733224, 20.2080195909366, 22.09515653597191, 24.023989950772375, 26.255184138659388, 28.502603499684483, 30.741756428964436, 32.7011744286865, 34.027463853824884, 36.65328820794821, 39.364583959802985, 41.95582735678181, 44.50470708683133, 46.574291528668255, 48.38164405757561, 50.330394222866744, 52.455503329634666, 54.7744215875864, 56.80073412787169, 58.97757710982114, 60.53218067763373, 63.74222492193803, 66.1399525986053, 67.95424079662189, 69.67022855486721, 71.6867141877301, 74.21141345379874, 76.49159364961088, 78.93953560385853, 81.3486105138436, 84.87166796578094, 86.34819944994524, 88.55910719791427]}, "dni-r5": {"step": [100, 200, 300, 400, 500, 600, 700, 800, 900, 1000, 1100, 1200, 1300, 1400, 1500, 1600, 1700, 1800, 1900, 2000, 2100, 2200, 2300, 2400, 2500, 2600, 2700, 2800, 2900, 3000, 3100, 3200, 3300, 3400, 3500, 3600, 3700, 3800, 3900, 4000], "acc": [0.88046875, 0.988671875, 0.981640625, 1.0, 1.0, 0.999609375, 0.9984375, 0.1296875, 0.129296875, 0.116015625, 0.221875, 0.202734375, 0.268359375, 0.284765625, 0.348046875, 0.41328125, 0.398046875, 0.25234375, 0.467578125, 0.472265625, 0.50234375, 0.442578125, 0.4078125, 0.558984375, 0.624609375, 0.624609375, 0.5171875, 0.61640625, 0.54375, 0.30234375, 0.18515625, 0.21171875, 0.116015625, 0.2484375, 0.119921875, 0.146484375, 0.21484375, 0.2546875, 0.217578125, 0.237109375], "cos": [0.40587251385052997, 0.32191695769627887, 0.28524961570898694, 0.36521365245183307, 0.33252490560213727, 0.23149591560165086, 0.12591166980564594, -0.021267380565404892, 0.052609374125798546, 0.009477033900717894, 0.05932078200081984, 0.08829460417230924, -0.02143027012546857, 0.024233730509877205, 0.09122005912164848, 0.14110193649927774, 0.16071845963597298, 0.13279148812095323, 0.14774890740712485, 0.16517745703458786, 0.16700854835410914, 0.2163696438074112, 0.1408969188729922, 0.17398386262357235, 0.1907771478096644, 0.19743873613576093, 0.18364784804483256, 0.1637416115651528, 0.1405254602432251, 0.07007170158127944, -0.0021122220593194165, 0.05294992278019587, 0.11208175114976864, 0.028233390301465988, 0.04894535926481088, -0.06315678986720741, 0.01760981883853674, 0.03123321073750655, 0.0452543885136644, 0.051737925658623375], "t": [2.6809873799793422, 5.926431673113257, 7.755710250232369, 11.13627584418282, 13.207263119053096, 16.597218283917755, 18.50000204797834, 21.443546201102436, 23.28860928816721, 25.522697472013533, 27.769448244012892, 29.76088850526139, 31.291672198101878, 33.88723384588957, 35.518037053290755, 38.916318064089864, 40.57940367329866, 42.22136876406148, 43.883456292096525, 45.803592171985656, 48.92749691288918, 51.18960214825347, 52.88352446490899, 54.50132464105263, 57.9507977780886, 59.459196677897125, 61.56893550325185, 64.94214295595884, 66.51815417828038, 69.8953395690769, 71.72728371899575, 73.54612606717274, 75.40777669288218, 77.22935895388946, 79.02714715292677, 80.92125982232392, 84.34455996286124, 86.19647714402527, 88.01250122999772, 89.86331314593554]}, "dni-r10": {"step": [100, 200, 300, 400, 500, 600, 700, 800, 900, 1000, 1100, 1200, 1300, 1400, 1500, 1600, 1700, 1800, 1900, 2000, 2100, 2200, 2300, 2400, 2500, 2600, 2700, 2800, 2900, 3000, 3100, 3200, 3300, 3400, 3500, 3600, 3700, 3800, 3900, 4000], "acc": [0.88046875, 0.988671875, 0.981640625, 1.0, 1.0, 0.999609375, 0.130078125, 0.12578125, 0.1703125, 0.14296875, 0.1828125, 0.0796875, 0.10703125, 0.1109375, 0.16875, 0.158984375, 0.214453125, 0.18984375, 0.180859375, 0.208984375, 0.240234375, 0.20703125, 0.2296875, 0.21953125, 0.265625, 0.227734375, 0.32578125, 0.28984375, 0.29765625, 0.2640625, 0.265234375, 0.3125, 0.291015625, 0.326953125, 0.30546875, 0.34765625, 0.2828125, 0.32578125, 0.291015625, 0.353515625],