{"backprop": {"step": [100, 200, 300, 400, 500, 600, 700, 800, 900, 1000, 1100, 1200, 1300, 1400, 1500, 1600, 1700, 1800, 1900, 2000, 2100, 2200, 2300, 2400, 2500, 2600, 2700, 2800, 2900, 3000, 3100, 3200, 3300, 3400, 3500, 3600, 3700, 3800, 3900, 4000], "acc": [0.88046875, 0.988671875, 0.981640625, 1.0, 1.0, 0.999609375, 1.0, 1.0, 1.0, 1.0, 1.0, 0.999609375, 0.999609375, 1.0, 1.0, 1.0, 1.0, 1.0, 1.0, 0.987890625, 0.999609375, 1.0, 1.0, 1.0, 0.999609375, 1.0, 1.0, 1.0, 1.0, 0.9984375, 0.999609375, 1.0, 1.0, 1.0, 1.0, 1.0, 1.0, 1.0, 1.0, 1.0], "cos": [0.40587251385052997, 0.32191695769627887, 0.28524961570898694, 0.36521365245183307, 0.33252490560213727, 0.23149591560165086, 0.3722645590702693, 0.4027116249005, 0.09778840063760678, 0.41395869354406994, 0.3248220880826314, 0.4198721945285797, 0.3366827716430028, 0.3145459045966466, 0.16312738756338754, 0.15118181705474854, 0.37011095881462097, 0.33676330745220184, 0.37641650438308716, 0.3559456169605255, 0.3581480532884598, 0.31732410192489624, 0.2680315524339676, 0.3470122317473094, 0.32674222191174823, 0.3074899713198344, 0.3390568594137828, 0.3764203240474065, 0.4110330293575923, 0.1909118096033732, 0.262017418940862, 0.29582791527112323, 0.31584512690703076, 0.35910698771476746, 0.3505536913871765, 0.194825346271197, 0.3110548754533132, 0.38476725419362384, 0.37920842071374256, 0.29554663598537445], "t": [1.2713187150657177, 2.2206022068858147, 3.2066886899992824, 4.191831773146987, 5.193804882932454, 6.215076386928558, 7.24277508398518, 8.277247197926044, 9.332983032800257, 10.435540970880538, 11.536051060073078, 12.634703437797725, 13.729483360890299, 14.842306595761329, 15.979590804781765, 17.166566609870642, 18.375193777959794, 19.532598013989627, 20.76372673502192, 22.136330228764564, 23.351850595790893, 24.69540905673057, 25.963169924914837, 27.32490117708221, 28.6935454858467, 30.045972675085068, 31.397774206008762, 32.766902157105505, 34.12827516486868, 35.50015846081078, 36.85331939673051, 38.218995864037424, 39.58945844694972, 40.9573023840785, 42.34524698369205, 43.728955547790974, 45.102540872991085, 46.651554910931736, 48.052701049949974, 49.93739008810371]}, "boot-r10": {"step": [100, 200, 300, 400, 500, 600, 700, 800, 900, 1000, 1100, 1200, 1300, 1400, 1500, 1600, 1700, 1800, 1900, 2000, 2100, 2200, 2300, 2400, 2500, 2600, 2700, 2800, 2900, 3000, 3100, 3200, 3300, 3400, 3500, 3600, 3700, 3800, 3900, 4000], "acc": [0.88046875, 0.988671875, 0.981640625, 1.0, 1.0, 0.999609375, 0.12265625, 0.183984375, 0.123828125, 0.1953125, 0.203125, 0.222265625, 0.201953125, 0.230078125, 0.260546875, 0.241015625, 0.318359375, 0.1328125, 0.218359375, 0.2390625, 0.24765625, 0.22734375, 0.2640625, 0.16015625, 0.178125, 0.11953125, 0.340234375, 0.43671875, 0.353125, 0.408984375, 0.293359375, 0.3671875, 0.455859375, 0.50625, 0.541015625, 0.582421875, 0.563671875, 0.590625, 0.641015625, 0.65390625], "cos": [0.40587251385052997, 0.32191695769627887, 0.28524961570898694, 0.36521365245183307, 0.33252490560213727, 0.23149591560165086, -0.12125122547149658, 0.07137861273561914, 0.0752824197212855, 0.2239157259464264, 0.20433012458185354, 0.21232459228485823, 0.23820309589306513, 0.21571039160092673, 0.18885433146109185, 0.20451241172850132, 0.17117194955547652, 0.2192168484131495, -0.007124558091163635, 0.07044171635061502, 0.09064489634086688, 0.12511068085829416, 0.086496418962876, 0.04654808094104131, 0.015443217009305954, 0.2843935489654541, 0.33754997452100116, 0.3882111683487892, 0.3069463757177194, 0.2906133693953355, 0.14536371702949205, 0.07317567892217387, 0.06346439321835835, 0.05731804513682922, 0.0871862843632698, 0.13738575864893696, 0.16686726501211524, 0.10544305853545666, 0.1198488821585973, 0.05375061805049578], "t": [1.5707941371947527, 3.595225035212934, 5.697422911878675, 7.975271717179567, 10.068989738821983, 12.211357562802732, 14.17266945913434, 16.189351834822446, 18.080348478164524, 20.025386260822415, 21.609009126201272, 23.298984573222697, 25.412860080134124, 27.40514423791319, 29.28056240780279, 30.85500970715657, 33.232770015951246, 35.529267840087414, 37.69057626789436, 39.83679156983271, 42.47450221795589, 45.72427512705326, 48.40352687006816, 50.807909111958, 53.8316332870163, 57.12364427186549, 60.309743570163846, 63.04619727889076, 66.17620211094618, 69.27379772718996, 72.31543746916577, 75.36261003883556, 77.94596742279828, 80.85044529894367, 83.48423483781517, 86.14042111486197, 88.50144056184217, 90.79012534581125, 92.47785702580586, 94.54658639291301]}, "boot-r50": {"step": [100, 200, 300, 400, 500, 600, 700, 800, 900, 1000, 1100, 1200, 1300, 1400, 1500, 1600, 1700, 1800, 1900, 2000, 2100, 2200, 2300, 2400, 2500, 2600, 2700, 2800, 2900, 3000, 3100, 3200, 3300, 3400, 3500, 3600, 3700, 3800, 3900, 4000], "acc": [0.88046875, 0.988671875, 0.981640625, 1.0, 1.0, 0.999609375, 0.12265625, 0.109375, 0.129296875, 0.2234375, 0.1984375, 0.2171875, 0.212890625, 0.226953125, 0.34765625, 0.279296875, 0.412109375, 0.42421875, 0.364453125, 0.452734375, 0.530859375, 0.55, 0.597265625, 0.65390625, 0.280078125, 0.353515625, 0.44921875, 0.448828125, 0.4625, 0.50546875, 0.496875, 0.47890625, 0.356640625, 0.51875, 0.546484375, 0.62265625, 0.691796875, 0.712890625, 0.74765625, 0.656640625], "cos": [0.40587251385052997, 0.32191695769627887, 0.28524961570898694, 0.36521365245183307, 0.33252490560213727, 0.23149591560165086, 0.22067609677712122, -0.034390732645988464, 0.22953777698179087, 0.30900434699530405, 0.36514995371301967, 0.4537469620505969, 0.2869642513493697, 0.5488210680584112, 0.6012684305508932, 0.6130457818508148, 0.44759469230969745, 0.5436879644791285, 0.3518899381160736, 0.4026864555974801, 0.48052439590295154, 0.5257170647382736, 0.5170221937199434, 0.47790661826729774, 0.3287982990344365, 0.0012093372642993927, 0.04979056057830652, 0.0004232792804638545, -0.0010755546391010284, 0.039693000415960945, 0.010953550537427267, 0.05375818659861883, 0.21209269133396447, 0.47962715725104016, 0.47897131244341534, 0.5551541248957316, 0.4610480989019076, 0.4453982288638751, 0.5207927525043488, 0.4637813866138458], "t": [2.2533336370252073, 4.70605682907626, 6.536978475283831, 10.078757659066468, 11.999211743008345, 15.39379940321669, 17.848804732318968, 20.634725345298648, 24.126229969318956, 26.904653269331902, 29.576536783017218, 32.903906689956784, 36.58209889335558, 39.30617310013622, 43.28109530825168, 46.38650869112462, 48.74951108312234, 51.87501789908856, 55.14887712104246, 57.855132441967726, 60.456165379378945, 63.30917223915458, 66.74755692621693, 70.15755370911211, 72.62499818438664, 76.05297857709229, 78.09463447099552, 81.42409178195521, 83.84426544420421, 86.38789573404938, 89.02706246217713, 91.64289968740195, 95.73968820413575, 98.52032318618149, 102.25308110099286, 105.49837949639186, 108.8374722241424, 111.80194435734302, 114.31368381017819, 117.11474705813453]}, "boot-r0": {"step": [100, 200, 300, 400, 500, 600, 700, 800, 900, 1000, 1100, 1200, 1300, 1400, 1500, 1600, 1700, 1800, 1900, 2000, 2100, 2200, 2300, 2400, 2500, 2600, 2700, 2800, 2900, 3000, 3100, 3200, 3300, 3400, 3500, 3600, 3700, 3800, 3900, 4000], "acc": [0.88046875, 0.988671875, 0.981640625, 1.0, 1.0, 0.999609375, 0.123046875, 0.123046875, 0.1265625, 0.158984375, 0.18125, 0.218359375, 0.1234375, 0.15546875, 0.1203125, 0.113671875, 0.12421875, 0.05703125, 0.118359375, 0.157421875, 0.126953125, 0.172265625, 0.09140625, 0.130859375, 0.131640625, 0.145703125, 0.180859375, 0.19921875, 0.152734375, 0.144921875, 0.13828125, 0.16015625, 0.200390625, 0.171484375, 0.181640625, 0.12109375, 0.13671875, 0.118359375, 0.1046875, 0.136328125],