{"bp-10k": {"step": [200, 400, 600, 800, 1000, 1200, 1400, 1600, 1800, 2000, 2200, 2400, 2600, 2800, 3000, 3200, 3400, 3600, 3800, 4000, 4200, 4400, 4600, 4800, 5000, 5200, 5400, 5600, 5800, 6000, 6200, 6400, 6600, 6800, 7000, 7200, 7400, 7600, 7800, 8000, 8200, 8400, 8600, 8800, 9000, 9200, 9400, 9600, 9800, 10000], "acc": [0.969140625, 1.0, 0.9359375, 1.0, 1.0, 1.0, 0.99921875, 1.0, 1.0, 1.0, 1.0, 1.0, 1.0, 1.0, 1.0, 0.9953125, 0.999609375, 1.0, 0.999609375, 1.0, 0.999609375, 1.0, 1.0, 1.0, 1.0, 1.0, 1.0, 1.0, 0.964453125, 1.0, 1.0, 1.0, 1.0, 0.998046875, 0.999609375, 1.0, 1.0, 1.0, 1.0, 1.0, 1.0, 1.0, 1.0, 1.0, 1.0, 1.0, 1.0, 1.0, 1.0, 1.0], "t": [2.2095301751978695, 4.210727490019053, 6.268647949211299, 8.413869619369507, 10.614812144078314, 12.805990147404373, 15.10563674615696, 17.57719889935106, 20.06375062605366, 22.62767536006868, 25.537245230283588, 28.423405020032078, 31.306301151402295, 34.16201651934534, 37.04227519640699, 39.95870485203341, 42.85024241823703, 45.93493644101545, 49.73372716642916, 54.0661403471604, 57.11931992135942, 61.06537003116682, 65.97001237934455, 70.24831877741963, 75.37024270324036, 79.95783073734492, 85.65590896504, 90.9669134602882, 96.6644813939929, 102.46276914142072, 107.51344946026802, 113.00222744140774, 118.61973712500185, 124.18318902142346, 129.75491593405604, 135.3231727592647, 140.7894543632865, 146.3552300101146, 151.89888381632045, 157.47847711201757, 162.96395188430324, 168.5100773051381, 174.023682101164, 179.43629557220265, 184.90054264105856, 190.40508159296587, 195.7461698902771, 201.2548087220639, 206.63921656738967, 212.04540844308212]}, "boot-10k-s1": {"step": [200, 400, 600, 800, 1000, 1200, 1400, 1600, 1800, 2000, 2200, 2400, 2600, 2800, 3000, 3200, 3400, 3600, 3800, 4000, 4200, 4400, 4600, 4800, 5000, 5200, 5400, 5600, 5800, 6000, 6200, 6400, 6600, 6800, 7000, 7200, 7400, 7600, 7800, 8000, 8200, 8400, 8600, 8800, 9000, 9200, 9400, 9600, 9800, 10000], "acc": [0.232421875, 0.3, 0.421875, 0.51640625, 0.55, 0.723046875, 0.671875, 0.6890625, 0.876171875, 0.77734375, 0.90234375, 0.8875, 0.893359375, 0.914453125, 0.923828125, 0.897265625, 0.936328125, 0.8734375, 0.787890625, 0.828125, 0.881640625, 0.90078125, 0.933984375, 0.89765625, 0.960546875, 0.900390625, 0.89375, 0.865234375, 0.871875, 0.8234375, 0.845703125, 0.844921875, 0.850390625, 0.923828125, 0.79765625, 0.696484375, 0.866796875, 0.82890625, 0.7734375, 0.8125, 0.88359375, 0.73828125, 0.8515625, 0.84609375, 0.726953125, 0.90859375, 0.856640625, 0.580078125, 0.419140625, 0.19140625], "t": [5.8944761492311954, 12.024907617364079, 18.08903789939359, 23.936486578080803, 29.96050567133352, 35.960541867185384, 41.87573066027835, 47.81016704719514, 53.7121438710019, 59.70449449541047, 65.74329185532406, 71.77574275434017, 77.73446037108079, 83.7428355361335, 89.83422813704237, 95.82580944616348, 101.71862243115902, 107.78819443611428, 113.88852858403698, 120.03510408708826, 126.04741439642385, 132.1930505973287, 138.19519134005532, 144.28586830710992, 150.52007898921147, 156.67344199633226, 162.82936018519104, 168.70073000807315, 174.54216751735657, 180.40303686633706, 186.3004577071406, 192.23394446633756, 198.2436676924117, 204.30829998804256, 212.742374941241, 219.2555915680714, 228.0036190734245, 235.09492256119847, 240.61548630334437, 245.35320306243375, 253.1275039431639, 260.11528654629365, 267.1211947482079, 273.5734711121768, 278.79337955405936, 285.78988817101344, 292.8062435723841, 298.38891209103167, 303.65191927505657, 309.60716186417267]}, "boot-10k-s2": {"step": [200, 400, 600, 800, 1000, 1200, 1400, 1600, 1800, 2000, 2200, 2400, 2600, 2800, 3000, 3200, 3400, 3600, 3800, 4000, 4200, 4400, 4600, 4800, 5000, 5200, 5400, 5600, 5800, 6000, 6200, 6400, 6600, 6800, 7000, 7200, 7400, 7600, 7800, 8000, 8200, 8400, 8600, 8800, 9000, 9200, 9400, 9600, 9800, 10000], "acc": [0.12109375, 0.21171875, 0.327734375, 0.462890625, 0.425, 0.515625, 0.549609375, 0.804296875, 0.892578125, 0.81953125, 0.8484375, 0.839453125, 0.903125, 0.786328125, 0.96015625, 0.93515625, 0.93046875, 0.96171875, 0.98046875, 0.68671875, 0.95625, 0.740234375, 0.884765625, 0.9234375, 0.837890625, 0.94140625, 0.915234375, 0.88671875, 0.85, 0.914453125, 0.91796875, 0.924609375, 0.907421875, 0.90703125, 0.83046875, 0.856640625, 0.94296875, 0.934765625, 0.76796875, 0.8515625, 0.887109375, 0.83515625, 0.941015625, 0.796875, 0.809375, 0.790234375, 0.82890625, 0.859375, 0.87421875, 0.865234375], "t": [5.641971011180431, 13.930136419832706, 19.650036950130016, 26.13613649085164, 31.712833300232887, 37.62394647486508, 43.68858333583921, 50.06867477297783, 55.31051056692377, 60.45444302307442, 65.5643600220792, 71.530771615915, 81.05984144983813, 85.53052322007716, 90.02826632698998, 98.9331925669685, 104.7060778522864, 112.16502573015168, 118.18754524318501, 124.51286693522707, 130.46566238300875, 137.0282263988629, 142.97942447289824, 149.69056667713448, 157.63048534700647, 164.53407023614272, 169.93828142387792, 175.94573839427903, 182.2902139481157, 187.6114206239581, 193.5914183841087, 200.74149361392483, 206.83092393213883, 212.75869050901383, 218.59395093889907, 224.3724839668721, 230.34446422290057, 236.3242776459083, 242.25049381889403, 248.18050156906247, 254.1834469991736, 260.1126114092767, 266.1889967052266, 272.2474596630782, 278.2347768372856, 284.2673083720729, 290.304164188914, 296.43833135208115, 302.5422909092158, 308.6256458470598]}, "boot-10k-s3": {"step": [200, 400, 600, 800, 1000, 1200, 1400, 1600, 1800, 2000, 2200, 2400, 2600, 2800, 3000, 3200, 3400, 3600, 3800, 4000, 4200, 4400, 4600, 4800, 5000, 5200, 5400, 5600, 5800, 6000, 6200, 6400, 6600, 6800, 7000, 7200, 7400, 7600, 7800, 8000, 8200, 8400, 8600, 8800, 9000, 9200, 9400, 9600, 9800, 10000], "acc": [0.19765625, 0.343359375, 0.4046875, 0.543359375, 0.64375, 0.763671875, 0.80390625, 0.831640625, 0.91328125, 0.8265625, 0.81015625, 0.86640625, 0.87734375, 0.783203125, 0.852734375, 0.86484375, 0.921484375, 0.905859375, 0.8796875, 0.83125, 0.908984375, 0.863671875, 0.87734375, 0.848046875, 0.959375, 0.884375, 0.962109375, 0.80546875, 0.909765625, 0.87265625, 0.96640625, 0.916796875, 0.80625, 0.71171875, 0.901953125, 0.9109375, 0.9375, 0.9109375, 0.81484375, 0.910546875, 0.996484375, 0.9546875, 0.89296875, 0.876953125, 0.806640625, 0.7046875, 0.954296875, 0.977734375, 0.95859375, 0.925], "t": [6.052517856005579, 12.19189125020057, 18.38805550010875, 24.6012722379528, 30.562533704098314, 36.58437861921266, 42.646258409135044, 48.629298196174204, 54.58763021696359, 63.450257970020175, 73.99639208707958, 79.57142664724961, 85.2370319692418, 91.05161168985069, 96.90779803600162, 102.69765090290457, 108.43607308529317, 116.65803699893877, 124.091956875287, 129.38123473804444, 134.62780831195414, 140.09945734217763, 150.09203165303916, 155.30640360107645, 160.7238813629374, 166.0893221590668, 172.34909395687282, 181.55126800807193, 186.68804923491552, 191.84245145414025, 197.88009622693062, 207.1007606429048, 212.3841064251028, 219.3902720841579, 225.52710782084614, 231.31691308692098, 238.62080128211528, 243.23223656695336, 251.7707105539739, 258.36521226214245, 265.39626387227327, 270.9457943532616, 276.8469794569537, 281.1515577910468, 288.09830867499113, 293.5760927502997, 299.02500664722174, 304.499924228061, 310.0237326230854, 315.59994577011093]}, "bp-L2": {"step": [200, 400, 600, 800, 1000, 1200, 1400, 1600, 1800, 2000, 2200, 2400, 2600, 2800, 3000, 3200, 3400, 3600, 3800, 4000, 4200, 4400, 4600, 4800, 5000, 5200, 5400, 5600, 5800, 6000], "acc": [0.969140625, 1.0, 0.9359375, 1.0, 1.0, 1.0, 0.99921875, 1.0, 1.0, 1.0, 1.0, 1.0, 1.0, 1.0, 1.0, 0.9953125, 0.999609375, 1.0, 0.999609375, 1.0, 0.999609375, 1.0, 1.0, 1.0, 1.0, 1.0, 1.0, 1.0, 0.964453125, 1.0],