{"v0-control": {"step": [200, 400, 600, 800, 1000, 1200, 1400, 1600, 1800, 2000, 2200, 2400, 2600, 2800, 3000, 3200, 3400, 3600, 3800, 4000, 4200, 4400, 4600, 4800, 5000, 5200, 5400, 5600, 5800, 6000], "acc": [0.121484375, 0.11328125, 0.117578125, 0.119140625, 0.130859375, 0.11796875, 0.15703125, 0.125390625, 0.0859375, 0.10546875, 0.203515625, 0.1484375, 0.125390625, 0.12265625, 0.1078125, 0.136328125, 0.094140625, 0.12578125, 0.04921875, 0.1265625, 0.051171875, 0.109765625, 0.1, 0.098046875, 0.080078125, 0.076171875, 0.090625, 0.082421875, 0.11484375, 0.080859375]}, "v1a-aux1": {"step": [200, 400, 600, 800, 1000, 1200, 1400, 1600, 1800, 2000, 2200, 2400, 2600, 2800, 3000, 3200, 3400, 3600, 3800, 4000, 4200, 4400, 4600, 4800, 5000, 5200, 5400, 5600, 5800, 6000], "acc": [0.125, 0.334765625, 0.3859375, 0.52734375, 0.563671875, 0.676953125, 0.66484375, 0.7265625, 0.774609375, 0.754296875, 0.80703125, 0.805859375, 0.828125, 0.869921875, 0.88984375, 0.8859375, 0.94375, 0.91171875, 0.966796875, 0.978125, 0.973046875, 0.98203125, 0.9734375, 0.9984375, 0.994921875, 0.998046875, 0.997265625, 0.9984375, 0.99921875, 0.9984375]}, "v1b-aux2": {"step": [200, 400, 600, 800, 1000, 1200, 1400, 1600, 1800, 2000, 2200, 2400, 2600, 2800, 3000, 3200, 3400, 3600, 3800, 4000, 4200, 4400, 4600, 4800, 5000, 5200, 5400, 5600, 5800, 6000], "acc": [0.12734375, 0.25234375, 0.36171875, 0.45546875, 0.329296875, 0.636328125, 0.698828125, 0.735546875, 0.484375, 0.50390625, 0.514453125, 0.5296875, 0.49453125, 0.531640625, 0.578515625, 0.558203125, 0.605859375, 0.463671875, 0.4546875, 0.46171875, 0.472265625, 0.49140625, 0.476953125, 0.52890625, 0.508203125, 0.559765625, 0.50390625, 0.5421875, 0.5125, 0.522265625]}, "v2-progressive": {"step": [200, 400, 600, 800, 1000, 1200, 1400, 1600, 1800, 2000, 2200, 2400, 2600, 2800, 3000, 3200, 3400, 3600, 3800, 4000, 4200, 4400, 4600, 4800, 5000, 5200, 5400, 5600, 5800, 6000], "acc": [0.2140625, 0.2515625, 0.390234375, 0.4921875, 0.53125, 0.718359375, 0.79609375, 0.85390625, 0.88515625, 0.89921875, 0.509765625, 0.6953125, 0.76328125, 0.603125, 0.711328125, 0.77734375, 0.813671875, 0.863671875, 0.887890625, 0.908984375, 0.7265625, 0.74296875, 0.667578125, 0.6703125, 0.633984375, 0.630859375, 0.588671875, 0.59765625, 0.62421875, 0.598828125]}, "stab-2L": {"step": [200, 400, 600, 800, 1000, 1200, 1400, 1600, 1800, 2000, 2200, 2400, 2600, 2800, 3000, 3200, 3400, 3600, 3800, 4000, 4200, 4400, 4600, 4800, 5000, 5200, 5400, 5600, 5800, 6000, 6200, 6400, 6600, 6800, 7000, 7200, 7400, 7600, 7800, 8000, 8200, 8400, 8600, 8800, 9000, 9200, 9400, 9600, 9800, 10000], "acc": [0.228515625, 0.1921875, 0.372265625, 0.39921875, 0.56484375, 0.6625, 0.787109375, 0.675390625, 0.820703125, 0.861328125, 0.826171875, 0.848828125, 0.90546875, 0.92109375, 0.9203125, 0.96484375, 0.950390625, 0.92578125, 0.9484375, 0.891796875, 0.895703125, 0.909765625, 0.973828125, 0.91328125, 0.958984375, 0.928515625, 0.974609375, 0.980078125, 0.980078125, 0.990234375, 0.986328125, 0.99296875, 0.98828125, 0.98671875, 0.990234375, 0.9859375, 0.986328125, 0.983203125, 0.9921875, 0.99140625, 0.988671875, 0.990234375, 0.99140625, 0.96875, 0.991796875, 0.994921875, 0.99375, 0.9921875, 0.995703125, 0.995703125]}, "winner-6L": {"step": [200, 400, 600, 800, 1000, 1200, 1400, 1600, 1800, 2000, 2200, 2400, 2600, 2800, 3000, 3200, 3400, 3600, 3800, 4000, 4200, 4400, 4600, 4800, 5000, 5200, 5400, 5600, 5800, 6000, 6200, 6400, 6600, 6800, 7000, 7200, 7400, 7600, 7800, 8000, 8200, 8400, 8600, 8800, 9000], "acc": [0.1546875, 0.44921875, 0.49765625, 0.534765625, 0.547265625, 0.710546875, 0.754296875, 0.65390625, 0.773046875, 0.8359375, 0.66484375, 0.838671875, 0.67890625, 0.832421875, 0.786328125, 0.837109375, 0.817578125, 0.918359375, 0.816015625, 0.8171875, 0.887890625, 0.8296875, 0.6578125, 0.566796875, 0.654296875, 0.586328125, 0.74140625, 0.632421875, 0.76015625, 0.77578125, 0.74140625, 0.93125, 0.880859375, 0.972265625, 0.838671875, 0.9609375, 0.95078125, 0.9671875, 0.946484375, 0.9546875, 0.9828125, 0.944921875, 0.963671875, 0.91640625, 0.966796875]}}