{"parity": [0.324609375, 0.51484375, 0.6828125, 0.743359375, 0.68359375, 0.819140625, 0.883984375, 0.96328125, 0.481640625, 0.555859375, 0.590234375, 0.74765625, 0.761328125, 0.834765625, 0.858984375, 0.932421875, 0.86640625, 0.851171875, 0.823046875, 0.973828125, 0.684375, 0.9609375, 0.896875, 0.978125, 0.984765625, 0.983984375, 0.968359375, 0.993359375, 0.98984375, 0.98515625], "bench": {"depth": [8, 24], "bp_ms": [2675.38494290784, 9768.89093639329], "bp_mb": [2402.23876953125, 6927.33251953125], "boot_ms": [2741.9455009512603, 10102.311789058149], "boot_mb": [1038.49462890625, 2788.10400390625], "stream_ms": [2973.117602057755, 11595.013022888452], "stream_mb": [530.01025390625, 739.70556640625]}}