{"backprop": {"step": [200, 400, 600, 800, 1000, 1200, 1400, 1600, 1800, 2000, 2200, 2400, 2600, 2800, 3000, 3200, 3400, 3600, 3800, 4000, 4200, 4400, 4600, 4800, 5000, 5200, 5400, 5600, 5800, 6000, 6200, 6400, 6600, 6800, 7000, 7200, 7400, 7600, 7800, 8000], "mse": [0.015795291401445866, 0.010723114479333162, 0.008294367231428623, 0.005923353740945459, 0.0047080507036298515, 0.004332842491567135, 0.0038342074723914264, 0.0035819045035168527, 0.0033434739569202067, 0.003248768066987395, 0.0031342651695013047, 0.003061563055962324, 0.0030493673868477343, 0.002927304361946881, 0.002792822429910302, 0.0029377612750977277, 0.0027014758437871934, 0.002640214120037854, 0.0026335431030020118, 0.002556739468127489, 0.002524315961636603, 0.0025699448538944124, 0.0025380609091371297, 0.0024488535476848484, 0.002380933240056038, 0.0023912727599963548, 0.0023485841462388634, 0.002338676736690104, 0.0023105212952941657, 0.00231928878929466, 0.0022924045799300073, 0.0022869891952723266, 0.0022764899535104633, 0.002233337098732591, 0.0022291845874860884, 0.0022605130914598705, 0.002229778142645955, 0.002226330479606986, 0.0022064178017899396, 0.0022268381668254732]}, "baseline": 0.026930410973727704, "self": {"step": [200, 400, 600, 800, 1000, 1200, 1400, 1600, 1800, 2000, 2200, 2400, 2600, 2800, 3000, 3200, 3400, 3600, 3800, 4000, 4200, 4400, 4600, 4800, 5000, 5200, 5400, 5600, 5800, 6000, 6200, 6400, 6600, 6800, 7000, 7200, 7400, 7600, 7800, 8000], "mse": [0.2635960102081299, 0.14645651131868362, 0.031363144516944885, 0.03646140173077583, 0.0377151682972908, 0.02989955060184002, 0.02643131036311388, 0.025761054642498494, 0.030872111022472382, 0.6674284636974335, 0.10172898471355438, 0.0825648382306099, 0.052072057873010634, 0.05185659490525722, 0.3280121773481369, 0.18650739789009094, 0.6745217621326447, 0.0848055362701416, 0.06596030630171298, 0.09970698952674865, 0.16709391325712203, 0.08697157129645347, 0.05544028878211975, 0.12571486607193946, 0.06024545915424824, 0.05659489333629608, 0.0511248741298914, 0.04730607569217682, 0.049236171320080756, 0.04700097292661667, 0.044659160822629926, 0.04038546346127987, 0.03650002963840961, 0.0383614357560873, 0.03901875764131546, 0.04207335226237774, 0.04070158377289772, 0.039629148319363594, 0.04398884363472462, 0.035042115673422816]}}