{"v3": {"step": [200, 400, 600, 800, 1000, 1200, 1400, 1600, 1800, 2000, 2200, 2400, 2600, 2800, 3000, 3200, 3400, 3600, 3800, 4000, 4200, 4400, 4600, 4800, 5000, 5200, 5400, 5600, 5800, 6000, 6200, 6400, 6600, 6800, 7000, 7200, 7400, 7600, 7800, 8000], "mse": [0.2121501922607422, 0.37765534222126007, 0.13350955098867417, 0.06132011823356152, 0.03665357269346714, 0.02722849026322365, 0.27471861243247986, 0.0397367786616087, 0.06676673963665962, 0.08722155690193176, 0.048617412149906156, 0.1242957852780819, 0.08935086652636529, 0.0542891513556242, 0.040612206980586055, 4.741907691955566, 1.7358028054237367, 0.09625243917107582, 0.23079489767551423, 0.10292420238256454, 0.10674916505813599, 0.1286407880485058, 0.08236517533659934, 0.10902817025780678, 0.17125391513109206, 0.0583415649831295, 0.14585817605257034, 0.0789046622812748, 0.048569871485233305, 0.14972582906484605, 0.04596712812781334, 0.050969609245657924, 0.05468605905771255, 0.04613070748746395, 0.04372336491942406, 0.04783737622201443, 0.04219246879220009, 0.038484283909201625, 0.038474468514323235, 0.03529987670481205]}, "v4": {"step": [200, 400, 600, 800, 1000, 1200, 1400, 1600, 1800, 2000, 2200, 2400, 2600, 2800, 3000, 3200, 3400, 3600, 3800, 4000, 4200, 4400, 4600, 4800, 5000, 5200, 5400, 5600, 5800, 6000, 6200, 6400, 6600, 6800, 7000, 7200, 7400, 7600, 7800, 8000], "mse": [0.7632707297801972, 0.10357964783906937, 0.05306172780692577, 0.04857712276279926, 0.08648662790656089, 0.03746408335864544, 0.09265287071466446, 0.0895830161869526, 0.032717021740973, 3.801806116104126, 0.35534868240356443, 0.27492074519395826, 0.2225855901837349, 0.3104059249162674, 1.0620198369026184, 0.2830411523580551, 0.5905423700809479, 0.3009846806526184, 0.5502511978149414, 0.5763929784297943, 0.21693989187479018, 0.2713905543088913, 0.26096838563680647, 0.14921362698078156, 0.17460054755210877, 0.23173581808805466, 0.10431999266147614, 0.11199646815657616, 0.10148452147841454, 0.0780301533639431, 0.0751893937587738, 0.08138012439012528, 0.06341361477971078, 0.06185384951531887, 0.0661104328930378, 0.06794317625463009, 0.06561880819499492, 0.05043308399617672, 0.056271887570619586, 0.17401241809129714]}}