{"v1": {"step": [200, 400, 600, 800, 1000, 1200, 1400, 1600, 1800, 2000, 2200, 2400, 2600, 2800, 3000, 3200, 3400, 3600, 3800, 4000, 4200, 4400, 4600, 4800, 5000, 5200, 5400, 5600, 5800, 6000, 6200, 6400, 6600, 6800, 7000, 7200, 7400, 7600, 7800, 8000], "mse": [0.4393405824899673, 0.1472795858979225, 0.08774852380156517, 0.0912168137729168, 0.07710646018385887, 0.0805918149650097, 0.049289066717028616, 0.09962020963430404, 0.20330123454332352, 0.02828537058085203, 0.03198365792632103, 13.867220211029053, 3.0732861518859864, 0.10079396814107895, 0.22948660105466842, 0.04907625615596771, 0.1427042692899704, 0.060767418891191485, 0.7598223567008973, 0.09749988988041877, 0.061623493954539296, 4.978802490234375, 4.940085744857788, 0.6455249130725861, 0.37648663520812986, 0.16487701684236528, 0.17364483028650285, 0.4272176682949066, 0.09388765245676041, 0.09731521308422089, 0.09613420069217682, 0.07452893257141113, 0.12930444851517678, 0.12525282502174379, 0.10910792350769043, 0.07090171575546264, 0.08482267260551453, 0.07305303290486335, 0.08559444472193718, 0.06707613840699196]}, "v2": {"step": [200, 400, 600, 800, 1000, 1200, 1400, 1600, 1800, 2000, 2200, 2400, 2600, 2800, 3000, 3200, 3400, 3600, 3800, 4000, 4200, 4400, 4600, 4800, 5000, 5200, 5400, 5600, 5800, 6000, 6200, 6400, 6600, 6800, 7000, 7200, 7400, 7600, 7800, 8000], "mse": [0.018921680748462677, 0.015365942008793354, 0.013046550005674363, 0.010701354593038559, 0.009466272685676813, 0.008242029137909413, 0.007253365870565176, 0.007262378884479404, 0.006660777842625976, 0.006061994377523661, 0.00562577429227531, 0.0058544065803289415, 0.005384112754836678, 0.005249979393556714, 0.005106932576745748, 0.004807814257219434, 0.004333069687709213, 0.0044166386593133215, 0.004242271976545453, 0.0041773038450628516, 0.0039989233016967775, 0.004012394137680531, 0.003800103371031582, 0.003773224796168506, 0.0037655534921213984, 0.0036946363281458615, 0.0036615127697587012, 0.0037257638527080418, 0.003566649300046265, 0.0035866728983819486, 0.0036297452403232454, 0.0034954465460032224, 0.0033742706291377544, 0.003374375286512077, 0.0033242002595216037, 0.003349160612560809, 0.0033777568489313124, 0.003333377605304122, 0.003284452226944268, 0.003280908381566405]}}